Format=1,Ingredients,
Almonds,24,20.0%,4,glcalc.com,Almonds
Apple juice,40,9.9%,3,glcalc.com,Apple juice. unsweetened
"Apple, raw",38,11.1%,4,,glcalc.com
"Apple, stewed",51,15.1%,7,,glcalc.com
"Apricots, dried",32,43.4%,13,glcalc.com,Apricots. dried
Aubergine,45,8.0%,3,glcalc.com,Greek Aubergines. Fried In Olive Oil
Average ingredient,46,16.7%,7,Properties of the average daily food consumption with a mass of 1011 (g),
Avocado,45,1.3%,0,glcalc.com,
Bacon,70,0.2%,0,glcalc.com,Bacon Rashers Streaky Grilled
Baked beans,45,14.0%,6,glcalc.com,"Baked beans, tomato sauce"
Ban'a+Apple,45,15.0%,6,From a Meal,May need editing
Banana,52,19.4%,10,glcalc.com,
Bean salad,45,11.3%,5,,This needs editing for correct values
Beans,45,11.3%,5,glcalc.com,In water
"Beans, broad",79,4.6%,3,glcalc.com,Broad beans. boiled in salted water
"Beans, green",45,2.9%,1,glcalc.com,Green beans/French beans. boiled in unsalted water
Beef,70,1.0%,0,From a Meal,May need editing
"Beef, corned",70,1.0%,0,glcalc.com,"Corned beef, canned"
"Beef, minced",70,2.7%,1,glcalc.com,Minced beef. stewed
Beetroot,64,9.5%,6,glcalc.com,Beetroot. boiled in salted water
Biscuits,63,66.0%,41,From a Meal,May need editing
Blackberries,45,6.0%,2,,glcalc.com
Bread sticks,72,72.5%,52,glcalc.com,Breadsticks
"Bread, pitta",84,46.3%,38,From a Meal,May need editing
"Bread, white, sourdough",52,77.7%,40,glycemicedge.com,Further research needed
Broccoli,45,1.1%,0,glcalc.com,Boiled in salt water
Broccoli+Peas,45,20.0%,9,From a Meal,May need editing
But'+Pep's+Onions,45,12.0%,5,From a Meal,May need editing
Butter,70,0.6%,0,glcalc.com,
Butternut squash,45,7.4%,3,glcalc.com,Baked
Cake,59,57.0%,33,,glcalc.com
Carrots,47,4.4%,2,From a Recipe,May need editing
"Carrots, cooked",47,4.4%,2,glcalc.com,Carrots. young. boiled in unsalted water
"Carrots, raw",47,5.4%,2,glcalc.com,Carrots. raw
Cauliflower,45,2.1%,0,glcalc.com,Boiled in salt water
Celeriac,45,1.9%,0,glcalc.com,Boiled in salt water
Celery,45,0.8%,0,glcalc.com,Celery. boiled in salted water
Cheese,34,1.2%,0,glcalc.com,
Chicken,70,0.4%,0,glcalc.com,Chicken
Chiritzo,70,0.5%,0,glcalc.com,"Pork, sausage, salami, smoked"
"Coconut, dessicated",70,6.4%,4,glcalc.com,"Coconut, dessicated"
Cola,58,10.9%,6,glcalc.com,Cola
Coleslaw,45,6.3%,2,glcalc.com,Coleslaw (Tesco's)
Courgette,45,2.0%,0,glcalc.com,Courgette. boiled in unsalted water
Cream,34,3.2%,1,glcalc.com,"Cream, 38"
Doritos (corn chips),63,63.0%,39,glycemic-index.net,
Duck,70,0.2%,0,glcalc.com,Duck leg
Eggs,70,1.2%,0,glcalc.com,"Egg, whole"
Falafel,45,51.0%,22,From a Meal,May need editing
Fish,70,1.0%,0,glcalc.com,Filet of fish grilled
Flat bread,72,42.0%,30,From a Meal,May need editing
"Flour, buckwheat",70,72.0%,50,glcalc.com,
"Flour, gram",35,66.0%,23,glycemic-index.net,
"Flour, rye, wholemeal",70,66.0%,46,glcalc.com,Rye flour. Whole - Carbs from packet
"Flour, white",85,74.0%,62,glycemic-index.net,
"Flour, wholemeal",70,63.0%,44,,GI Increased to give more accurate value for bread
Ginger,70,14.1%,9,,glcalc.com
Gram bread,72,42.0%,30,From a Meal,May need editing
"Granola, Lizi's",25,56.8%,14,lizis.co.uk,
Grapes,46,15.4%,7,,glcalc.com
"Greengages, stewed with sugar",70,20.7%,14,,glcalc.com
Ham,70,0.9%,0,glcalc.com,
Hayley's Nibbles,52,22.0%,11,From a Meal,May need editing
Honey,55,85.1%,46,glcalc.com,
Houmous,6,9.5%,0,glcalc.com,Houmous (Marks & Spencer)
Jane's Cassoulet,45,9.0%,4,From a Meal,May need editing
Kale,45,5.6%,2,glcalc.com,Kale; boiled
Lamb,0,0.0%,0
Leeks,45,2.6%,1,glcalc.com,Leeks. boiled in salted water
Lemon juice,50,1.6%,0,glcalc.com,Lemon juice. fresh
"Lentils, green",30,57.1%,17,glcalc.com,"Lentils, green ,dry"
"Lentils, red",26,48.2%,12,glcalc.com,"Lentils, red ,dry"
Lettuce,45,1.2%,0,From a Meal,May need editing
Milk,34,5.0%,1,glcalc.com,SemiSkim milk
"Mor,n Chick",38,4.0%,1,From a Meal,May need editing
Mushrooms,45,0.4%,0,glcalc.com,Boiled in salt water
Mustard,70,9.7%,6,glcalc.com,"Mustard, smooth"
Nibbles,50,50.0%,25,From a Meal,May need editing
Nuts,24,13.4%,3,glcalc.com,"Nuts, mixed salted"
Oatibix,55,63.0%,34,weightlossresources.co.uk,Carbs from packet
"Oats, rolled",61,46.0%,28,,glcalc.com
Olive oil,0,0.0%,0
Olives,45,5.0%,2,glcalc.com,
"Onions, baked",45,22.3%,10,glcalc.com,
"Onions, boiled",45,3.7%,1,glcalc.com,Boiled in unsalted water
"Onions, fried",45,14.1%,6,glcalc.com,Fried in corn oil
"Onions, raw",45,7.9%,3,glcalc.com,
Orange juice,52,10.0%,5,glcalc.com,Orange juice from Concentrate
Pancakes,67,20.0%,13,From a Meal,May need editing
Parsnips,97,12.9%,12,glcalc.com,Parsnip. boiled in unsalted water
"Pasta, wholewheat",55,74.5%,40,glycemicindex.com,"Pasta, Twists, Wholewheat, Carbs from packet"
Pastrami,70,1.8%,1,glcalc.com,
Pate,70,1.0%,0,glcalc.com,Tesco Brussels Pate
Peanut butter,25,28.0%,7,glycemic-index.net,Unsweetened
Pearl Barley,30,29.1%,8,,glycemicindex.com
Peas,48,8.5%,4,glcalc.com,
Peas (& Sprouts),48,9.0%,4,From a Meal,May need editing
Peas+Carrots,48,9.0%,4,From a Meal,May need editing
Pepper (& Sprouts),45,7.0%,3,From a Meal,May need editing
Pepper + Mushrooms,45,7.0%,3,From a Meal,May need editing
"Pepper, red",45,7.0%,3,glcalc.com,Peppers. capsicum. red. boiled in salted water
"Pepper, red, sundried",45,18.0%,8,glcalc.com,"Tomatoe, sundried"
"Pepper, sweet, red",45,4.7%,2,glcalc.com,
"Pizza, BBQ chicken",51,29.0%,14,glcalc.com,Tesco bbq chicken pizza
Pork,70,1.0%,0,glcalc.com,
Pork Pie,45,26.3%,11,glcalc.com,Pork pie. mini
Porridge,58,60.0%,34,glcalc.com,"As rolled oats, carbs from packet"
"Potatoes, boiled",85,13.6%,11,glcalc.com,
"Potatoes, fried",75,15.9%,11,glcalc.com,
"Potatoes, mashed",85,14.5%,12,glcalc.com,"Potatos, mashed"
"Potatoes, roasted",85,16.4%,13,glcalc.com,"Potatos, roasted"
Raisins,64,74.4%,47,glcalc.com,
"Raspberry , raw",45,4.6%,2,glcalc.com,
"Rice, brown",63,74.2%,46,"Rice, brown",glcalc.com
"Rice, brown, basmati",55,74.2%,40,glcalc.com,"Rice, brown, basmati"
"Rice, white",49,74.2%,36,"Rice, easy cook, boiled (dry carbs estimated)",glcalc.com
"Rice, white, basmati",61,78.0%,47,glcalc.com,"Rice, basmati"
Roast Lunch,51,29.0%,14,glcalc.com,Tesco bbq chicken pizza
Ryvita,74,67.0%,49,From a Meal,May need editing
Salad dressing,70,9.1%,6,From a Meal,May need editing
"Salad, mixed",45,49.2%,22,glcalc.com,
Salami,70,0.5%,0,glcalc.com,
Salmon,70,1.0%,0,glcalc.com,Salmon filet fried
Sausage Roll,63,25.0%,15,glcalc.com,Sausage rolls. flaky pastry. homemade
Spices,70,15.8%,11,Tavo spice mix,glcalc.com
Spinach,45,1.0%,0,glcalc.com,Spinach. boiled in unsalted water
Sprouts,45,3.5%,1,glcalc.com,Boiled in salt water
Strawberries,40,8.5%,3,,glcalc.com
Sugar,68,100.0%,68,glcalc.com,
Sultanas,58,69.0%,40,glcalc.com,
Sunflower seeds,70,17.1%,11,glcalc.com,"Sunflower seeds, shelled, dried"
Swede,72,2.3%,1,glcalc.com,Swede. boiled in unsalted water
"Sweet potato, baked",61,27.9%,17,glcalc.com,Sweet potato. baked
Sweetcorn,55,19.6%,10,glcalc.com,Sweetcorn. kernels. boiled in salted water
Toastie,72,31.0%,22,glcalc.com,Cheese Toasted Pocket Sandwich (Pilsbury)
Tomato puree,45,17.7%,7,glcalc.com,
"Tomatoes, cherry",45,5.1%,2,glcalc.com,
"Tomatoes, chopped",45,2.9%,1,glcalc.com,Chopped with basil tinned
"Tomatoes, fried",45,5.0%,2,glcalc.com,Tomatoes. fried in corn oil
Tuna,0,0.0%,0,glycemic-index.net,
Vegetable stir fry,45,4.1%,1,glcalc.com,Chinese veg stir fry
Water,0,0.0%,0,From a Recipe,May need editing
Water biscuits,71,75.6%,53,glcalc.com,
White flour,72,71.0%,51,From a Recipe,May need editing
Yoghurt,35,1.0%,0,glycemic-index.net,
