Format=1,Recipes,
Ap & Porridge,47,24.2%,140,16,Porridge,58,60.0%,40,13,Apple juice,40,9.9%,100,3
Apple&Banana,45,16.1%,179,13,Banana,52,19.4%,107,10,"Apple, raw",38,11.1%,72,3
Average recipe,45,16.7%,1011,77,Average ingredient,46,16.7%,1011,77,Properties of the average daily food consumption with a mass of 1011 (g),
Bacon Soup,24,20.2%,120,6,"Lentils, red",26,48.2%,50,6,Bacon,70,0.2%,70,0
"Banana, Yoghurt, Honey",46,17.5%,123,10,Banana,52,19.4%,74,7,Yoghurt,35,1.0%,41,0,Honey,55,85.1%,8,3
Barley Mushroom Chicken Rissotto,28,5.5%,892,14,Pearl Barley,30,29.1%,150,13,"Onions, boiled",45,3.7%,95,1,Butter,70,0.6%,19,0,Olive oil,0,0.0%,17,0,Chicken,70,0.4%,150,0,Mushrooms,45,0.4%,250,0,Water,0,0.0%,211,0,Final water,
Basque Chicken,38,3.5%,1252,17,Chicken,70,0.4%,430,1,Chiritzo,70,0.5%,200,0,"Onions, boiled",45,3.7%,232,3,"Pepper, red",45,7.0%,238,7,Olive oil,0,0.0%,20,0,Tomato puree,45,17.7%,20,1,"Pepper, red, sundried",45,18.0%,50,4,Olives,45,5.0%,62,1,Water,0,0.0%,0,0
Beef Curry,33,4.4%,880,13,"Tomatoes, chopped",45,2.9%,400,5,"Onions, boiled",45,3.7%,200,3,Almonds,24,20.0%,70,3,Beef,70,1.0%,400,2,"Coconut, dessicated",70,6.4%,20,0,Yoghurt,35,1.0%,75,0,Water,0,0.0%,-285,0
Beetroot Soup M,44,16.0%,239,17,"Lentils, red",26,48.2%,40,5,Beetroot,64,9.5%,199,12
Blackberry & Apple Crumble,67,21.8%,834,122,"Flour, white",85,74.0%,120,75,"Apple, stewed",51,15.1%,284,21,"Oats, rolled",61,46.0%,70,19,Blackberries,45,6.0%,290,7,Butter,70,0.6%,70,0
"Bread,  white",84,46.3%,480,188,"Flour, white",85,74.0%,300,188,Olive oil,0,0.0%,20,0,Water,0,0.0%,160,0
"Bread, 100 wholewheat",69,39.4%,480,132,"Flour, wholemeal",70,63.0%,300,132,Olive oil,0,0.0%,20,0,Water,0,0.0%,160,0
"Bread, 67 wholewheat",75,41.7%,480,150,"Flour, wholemeal",70,63.0%,200,88,"Flour, white",85,74.0%,100,62,Olive oil,0,0.0%,20,0,Water,0,0.0%,160,0
"Bread, 83 wholewheat",72,40.5%,480,141,"Flour, wholemeal",70,63.0%,250,110,"Flour, white",85,74.0%,50,31,Olive oil,0,0.0%,20,0,Water,0,0.0%,160,0
"Bread, buckwheat",77,45.6%,480,169,"Flour, buckwheat",70,72.0%,150,75,"Flour, white",85,74.0%,150,94,Olive oil,0,0.0%,20,0,Water,0,0.0%,160,0
"Bread, Sourdough",72,40.5%,480,141,"Flour, wholemeal",70,63.0%,250,110,"Flour, white",85,74.0%,50,31,Olive oil,0,0.0%,20,0,Water,0,0.0%,160,0
Broccoli Soup,22,13.2%,167,5,"Lentils, red",26,48.2%,43,5,Broccoli,45,1.1%,124,0
Butternut Soup,25,17.4%,155,7,"Lentils, red",26,48.2%,38,4,Butternut squash,45,7.4%,117,3
Carrot Soup,26,16.3%,140,6,"Lentils, red",26,48.2%,38,4,Carrots,47,4.4%,102,2
Cassolet,44,8.6%,1842,70,Chiritzo,70,0.5%,400,1,Beans,45,11.3%,800,40,"Tomatoes, chopped",45,2.9%,400,5,"Onions, baked",45,22.3%,242,24
"Caul, Ham",55,5.6%,700,22,Cauliflower,45,2.1%,236,2,Cheese,34,1.2%,20,0,Ham,70,0.9%,100,0,Butter,70,0.6%,23,0,"Flour, white",85,74.0%,25,15,Milk,34,5.0%,296,5
"Caul, Pasta, Ham",51,9.0%,494,23,"Pasta, wholewheat",55,74.5%,37,15,Cauliflower,45,2.1%,170,1,Cheese,34,1.2%,39,0,Ham,70,0.9%,143,0,Butter,70,0.6%,10,0,"Flour, white",85,74.0%,10,6,Milk,34,5.0%,85,1
Celeriac Soup,19,13.7%,153,4,"Lentils, red",26,48.2%,39,4,Celeriac,45,1.9%,114,0
Celery Soup,20,13.8%,139,4,"Lentils, red",26,48.2%,38,4,Celery,45,0.8%,101,0
Chicken Curry,35,3.4%,1180,14,"Tomatoes, chopped",45,2.9%,400,5,Almonds,24,20.0%,63,3,"Onions, boiled",45,3.7%,174,2,Chicken,70,0.4%,400,1,"Coconut, dessicated",70,6.4%,27,1,Tomato puree,45,17.7%,20,1,Spices,70,15.8%,10,1,Olive oil,0,0.0%,20,0,Yoghurt,35,1.0%,60,0,Water,0,0.0%,6,0,Water reduced for correct final mass,
Chicken Pad Thai,54,23.6%,380,49,"Pasta, wholewheat",55,74.5%,120,49,Chicken,70,0.4%,100,0,Water,0,0.0%,160,0,"Rough, to match Tesco carb content",
Chicken Tikka Ready Meal,57,21.2%,400,49,"Rice, white, basmati",61,78.0%,100,47,Chicken Curry,35,3.4%,200,2,Water,0,0.0%,100,0,Tesco's Pinch,
"Chicken, Basque",42,4.2%,1815,33,Chicken,70,0.4%,430,1,Chiritzo,70,0.5%,200,0,"Tomatoes, chopped",45,2.9%,400,5,"Pepper, red",45,7.0%,332,10,"Onions, fried",45,14.1%,195,12,Olives,45,5.0%,100,2,Carrots,47,4.4%,158,3
"Chicken, broccoli, pasta",53,9.0%,560,27,"Pasta, wholewheat",55,74.5%,50,20,"Flour, white",85,74.0%,10,6,Tomato puree,45,17.7%,20,1,Broccoli,45,1.1%,156,0,Chicken,70,0.4%,164,0,Olive oil,0,0.0%,10,0,Water,0,0.0%,150,0
"Chicken, potatoes, green beans, mushroom sauce",77,6.2%,370,18,"Potatoes, boiled",85,13.6%,150,17,"Beans, green",45,2.9%,80,1,Chicken,70,0.4%,70,0,Mushrooms,45,0.4%,20,0,Water,0,0.0%,50,0,"Tesco ready meal, 7•2 carbs 370 g total",
Chilli con carne,46,4.2%,1733,34,Beans,45,11.3%,200,10,"Tomatoes, chopped",45,2.9%,800,10,"Beef, minced",70,2.7%,500,9,"Onions, boiled",45,3.7%,200,3,Tomato puree,45,17.7%,33,2,Update for water loss as per 16 May,
"Coleslaw, Beans, Ham",32,7.6%,201,5,Ham,70,0.9%,42,0,Beans,45,11.3%,96,4,Coleslaw,45,6.3%,63,1
"Fish Bake, Lentil",28,3.4%,811,8,Celeriac,45,1.9%,123,1,Broccoli,45,1.1%,228,1,Fish,70,1.0%,340,2,"Lentils, red",26,48.2%,39,4,Butter,70,0.6%,50,0,Cheese,34,1.2%,31,0,Water,0,0.0%,0,0
Fish Pasta,52,10.7%,822,46,"Pasta, wholewheat",55,74.5%,70,28,"Flour, white",85,74.0%,20,12,Milk,34,5.0%,280,4,Fish,70,1.0%,340,2,Broccoli,45,1.1%,150,0,Butter,70,0.6%,22,0,Cheese,34,1.2%,40,0,Water,0,0.0%,-111,0,Mustard,70,9.7%,11,0,Edited 07-09-2025,
"Fish Pie, Celeriac",52,4.0%,1369,29,Celeriac,45,1.9%,386,3,Peas,48,8.5%,25,1,"Potatoes, mashed",85,14.5%,28,3,Butternut squash,45,7.4%,72,2,Broccoli,45,1.1%,163,0,Fish,70,1.0%,340,2,"Flour, white",85,74.0%,23,14,Butter,70,0.6%,25,0,Cheese,34,1.2%,43,0,Milk,34,5.0%,264,4
"Fish Pie, Potato",70,6.4%,1246,56,"Potatoes, mashed",85,14.5%,300,36,Broccoli,45,1.1%,230,1,Fish,70,1.0%,340,2,"Flour, white",85,74.0%,20,12,Butter,70,0.6%,19,0,Cheese,34,1.2%,37,0,Milk,34,5.0%,300,5
Fish stir-fry,55,14.2%,343,27,"Rice, brown",63,74.2%,55,25,Vegetable stir fry,45,4.1%,160,2,Fish,70,1.0%,128,0
Greengage Crumble,72,28.5%,600,124,"Greengages, stewed with sugar",70,20.7%,390,56,"Flour, white",85,74.0%,75,47,"Oats, rolled",61,46.0%,75,21,Butter,70,0.6%,60,0
Haddock Florentine,52,6.1%,1000,32,"Flour, white",85,74.0%,20,12,Milk,34,5.0%,500,8,"Bread, 67 wholewheat",75,41.7%,20,6,Mustard,70,9.7%,77,5,Fish,70,1.0%,280,1,Spinach,45,1.0%,140,0,Butter,70,0.6%,20,0,Cheese,34,1.2%,77,0,Water,0,0.0%,-134,0,Water loss is a guess,
Ham and Beans,43,4.1%,1950,35,Ham,70,0.9%,570,3,Beans,45,11.3%,400,20,"Tomatoes, chopped",45,2.9%,800,10,"Onions, boiled",45,3.7%,180,2
Lamb Rogan Josh,48,18.6%,400,36,"Rice, white",49,74.2%,100,36,Lamb,0,0.0%,300,0,"Tesco's, rough estimate",
Leak & Ham Pie,75,5.3%,968,39,"Flour, white",85,74.0%,60,37,Butter,70,0.6%,50,0,Ham,70,0.9%,236,1,Leeks,45,2.6%,147,1,Mushrooms,45,0.4%,175,0,Water,0,0.0%,300,0
Leek Soup,25,16.1%,145,6,"Lentils, red",26,48.2%,43,5,Leeks,45,2.6%,102,1
Lentil Stew,30,11.9%,717,26,"Lentils, green",30,57.1%,124,21,Carrots,47,4.4%,125,2,"Onions, boiled",45,3.7%,135,2,Tomato puree,45,17.7%,23,1,Olive oil,0,0.0%,60,0,Water,0,0.0%,250,0
"Lentils, Kale, Onions",29,9.6%,419,12,"Lentils, green",30,57.1%,55,9,Kale,45,5.6%,67,1,"Onions, boiled",45,3.7%,131,2,Bacon,70,0.2%,65,0,Olive oil,0,0.0%,30,0,Eggs,70,1.2%,21,0,Water,0,0.0%,50,0
"Lentils, Peppers, Etc",28,11.5%,392,13,"Lentils, green",30,57.1%,52,8,Carrots,47,4.4%,57,1,"Onions, boiled",45,3.7%,88,1,"Pepper, red",45,7.0%,77,2,Olive oil,0,0.0%,30,0,Tomato puree,45,17.7%,24,1,Mushrooms,45,0.4%,14,0,Olives,45,5.0%,0,0,Water,0,0.0%,50,0
Meal at Jane's,43,16.7%,300,22,Panini,45,16.7%,300,22,,Test
"Milk, evaporated",20,12.5%,40,1,Milk,34,5.0%,100,1,Water,0,0.0%,-60,0,One and half parts water to one evap is equivalent to full cream milk,
Mogul chicken,32,3.0%,1013,10,Almonds,24,20.0%,60,2,"Coconut, dessicated",70,6.4%,50,2,"Pepper, red",45,7.0%,50,1,Butter,70,0.6%,62,0,"Onions, boiled",45,3.7%,243,4,Chicken,70,0.4%,453,1,Water,0,0.0%,50,0,Yoghurt,35,1.0%,45,0
Moroccan Chicken,33,4.0%,1323,18,Carrots,47,4.4%,100,2,"Beans, green",45,2.9%,150,1,Olives,45,5.0%,50,1,"Apricots, dried",32,43.4%,75,10,"Onions, boiled",45,3.7%,198,3,Chicken,70,0.4%,500,1,Olive oil,0,0.0%,50,0,Water,0,0.0%,200,0
Moussaka,47,3.4%,1400,23,"Beef, minced",70,2.7%,500,9,Aubergine,45,8.0%,200,7,Eggs,70,1.2%,100,0,Butter,70,0.6%,50,0,"Tomatoes, chopped",45,2.9%,400,5,"Onions, boiled",45,3.7%,150,2
Mushroom  soup,21,12.2%,154,4,"Lentils, red",26,48.2%,38,4,Mushrooms,45,0.4%,116,0
Nuts and Raisins,44,26.8%,100,12,Nuts,24,13.4%,78,2,Raisins,64,74.4%,22,10
OJ & Granola,32,23.8%,170,13,"Granola, Lizi's",25,56.8%,50,7,Orange juice,52,10.0%,120,6
OJ & Oatibix,48,19.9%,123,12,Oatibix,55,63.0%,23,7,Orange juice,52,10.0%,100,5
OJ & Porridge,52,24.3%,140,18,Porridge,58,60.0%,40,13,Orange juice,52,10.0%,100,5
"Omelette, bacon",20,2.1%,230,1,Eggs,70,1.2%,98,0,Bacon,70,0.2%,62,0,"Tomatoes, fried",45,5.0%,70,1
Onion soup L,32,33.8%,90,10,"Lentils, red",26,48.2%,40,5,"Onions, baked",45,22.3%,50,5
Onion soup M,33,29.8%,139,14,"Lentils, red",26,48.2%,40,5,"Onions, baked",45,22.3%,99,9
Panini,45,16.7%,300,23,Average ingredient,46,16.7%,300,23,Rough guess,
"Pasta, Ratatouille, Tuna",49,8.5%,450,19,"Pasta, wholewheat",55,74.5%,40,16,Ratatouille,41,2.9%,290,3,Tuna,0,0.0%,120,0
Pea and Ham Soup,27,18.7%,135,7,"Lentils, red",26,48.2%,40,5,Peas,48,8.5%,67,2,Ham,70,0.9%,28,0
Peas+Sweetcorn,47,14.1%,120,8,Peas,48,8.5%,60,2,Sweetcorn,55,19.6%,60,6
Pork and leeks,46,5.4%,920,23,"Flour, white",85,74.0%,15,9,Milk,34,5.0%,500,8,Leeks,45,2.6%,285,3,Pork,70,1.0%,400,2,Mustard,70,9.7%,20,1,Water,0,0.0%,-300,0,Monday 12 May 2025,
Pork Pepper Sauce,42,3.3%,1065,15,Almonds,24,20.0%,50,2,"Coconut, dessicated",70,6.4%,30,1,"Pepper, sweet, red",45,4.7%,150,3,Butter,70,0.6%,50,0,Lemon juice,50,1.6%,45,0,Sugar,68,100.0%,10,6,Pork,70,1.0%,500,3,Water,0,0.0%,200,0,Yoghurt,35,1.0%,30,0
Pork Tagine,55,7.8%,985,43,Sultanas,58,69.0%,75,30,Honey,55,85.1%,15,7,"Onions, boiled",45,3.7%,185,3,Pork,70,1.0%,458,3,Almonds,24,20.0%,0,0,Butter,70,0.6%,57,0,Lemon juice,50,1.6%,45,0,Water,0,0.0%,150,0,GL of sultanas is significant,
Quiche,75,10.8%,527,43,"Flour, white",85,74.0%,63,39,Butter,70,0.6%,33,0,Eggs,70,1.2%,147,1,Bacon,70,0.2%,65,0,Cheese,34,1.2%,35,0,Cream,34,3.2%,95,1,"Tomatoes, cherry",45,5.1%,89,2
Ratatouille,41,2.9%,1250,15,Celeriac,45,1.9%,363,3,"Pepper, red",45,7.0%,180,5,"Onions, boiled",45,3.7%,127,2,"Tomatoes, chopped",45,2.9%,400,5,Mushrooms,45,0.4%,130,0,Olive oil,0,0.0%,50,0
Rye Shortbread,57,32.4%,200,37,"Flour, rye, wholemeal",70,66.0%,75,34,Almonds,24,20.0%,75,3,Butter,70,0.6%,50,0,Water,0,0.0%,0,0
Spanish Lentils for Fish,33,11.1%,920,34,"Lentils, green",30,57.1%,130,22,"Pepper, red",45,7.0%,162,5,Tomato puree,45,17.7%,44,3,"Onions, boiled",45,3.7%,126,2,Carrots,47,4.4%,100,2,Olive oil,0,0.0%,30,0,Water,0,0.0%,328,0
Spinach Soup,23,22.9%,95,5,"Lentils, red",26,48.2%,44,5,Spinach,45,1.0%,51,0
Tomato soup,29,14.4%,185,8,"Lentils, red",26,48.2%,40,5,"Tomatoes, cherry",45,5.1%,145,3
Tuna Melt,62,14.3%,289,26,Tuna,0,0.0%,91,0,"Onions, fried",45,14.1%,61,3,Cheese,34,1.2%,58,0,"Bread, 83 wholewheat",72,40.5%,79,23
Tuscan Salmon,15,1.8%,349,1,Salmon,70,1.0%,114,0,Spinach,45,1.0%,50,0,"Tomatoes, fried",45,5.0%,80,1,Olive oil,0,0.0%,20,0,Cheese,34,1.2%,35,0,Butter,70,0.6%,50,0
Vegetable Stew,40,4.6%,858,16,"Pepper, red",45,7.0%,158,4,Butternut squash,45,7.4%,254,8,Swede,72,2.3%,198,3,"Onions, boiled",45,3.7%,118,1,Mushrooms,45,0.4%,130,0
